Host,User,cve
167.163.240.62,haohanz,CVE-2018-15833
176.43.9.95,haohanz,CVE-2004-2761
96.141.12.94,haohanz,CVE-2007-4459
188.226.126.45,haohanz,CVE-2008-1344
79.35.208.238,haohanz,CVE-2008-1362
121.242.150.234,haohanz,CVE-2008-2370
186.59.117.151,haohanz,CVE-2009-2474
179.34.148.146,haohanz,CVE-2010-1679
253.38.177.89,haohanz,CVE-2011-4516
10.53.183.197,haohanz,CVE-2011-4517
195.239.136.246,haohanz,CVE-2012-1585
183.239.86.139,haohanz,CVE-2012-5452
146.186.131.13,haohanz,CVE-2013-4635
130.99.115.206,haohanz,CVE-2014-4014
63.154.190.134,haohanz,CVE-2014-8559
111.91.163.177,haohanz,CVE-2015-0119
81.76.13.67,haohanz,CVE-2015-0235
252.110.175.110,haohanz,CVE-2015-0284
247.50.215.8,haohanz,CVE-2015-0285
62.112.13.252,haohanz,CVE-2015-0286
243.61.233.161,haohanz,CVE-2015-0287
141.170.253.54,haohanz,CVE-2015-0290
43.13.164.216,haohanz,CVE-2015-0293
113.168.145.73,haohanz,CVE-2015-0295
152.141.141.153,haohanz,CVE-2015-0297
103.18.202.32,haohanz,CVE-2015-0301
58.206.180.226,haohanz,CVE-2015-0310
152.204.127.242,haohanz,CVE-2015-0794
204.38.143.1,haohanz,CVE-2015-1897
125.111.172.37,haohanz,CVE-2015-3197
121.123.61.159,haohanz,CVE-2015-3238
160.154.180.117,haohanz,CVE-2015-3280
200.46.190.243,haohanz,CVE-2015-5313
101.49.230.87,haohanz,CVE-2016-0714
110.217.93.195,haohanz,CVE-2016-0777
14.197.241.106,haohanz,CVE-2016-0834
38.202.197.207,haohanz,CVE-2016-0837
24.199.220.11,haohanz,CVE-2016-0838
237.251.196.129,haohanz,CVE-2016-0839
207.239.135.201,haohanz,CVE-2016-0840
86.104.178.82,haohanz,CVE-2016-0841
14.135.213.103,haohanz,CVE-2016-0842
104.138.132.146,haohanz,CVE-2016-0843
205.115.210.82,haohanz,CVE-2016-0844
151.3.109.33,haohanz,CVE-2016-0846
34.79.52.102,haohanz,CVE-2016-0847
54.150.227.47,haohanz,CVE-2016-0848
100.93.140.75,haohanz,CVE-2016-0849
224.123.9.165,haohanz,CVE-2016-0850
15.39.47.238,haohanz,CVE-2016-0851
140.155.247.203,haohanz,CVE-2016-0852
113.77.37.254,haohanz,CVE-2016-0853
12.152.232.210,haohanz,CVE-2016-0856
250.168.60.113,haohanz,CVE-2016-0857
54.79.134.149,haohanz,CVE-2016-0858
245.202.106.51,haohanz,CVE-2016-0859
136.82.178.24,haohanz,CVE-2016-0860
8.230.226.204,haohanz,CVE-2016-0861
224.136.25.165,haohanz,CVE-2016-0862
8.230.226.204,haohanz,CVE-2016-0863
128.76.4.52,haohanz,CVE-2016-0864
246.176.148.251,haohanz,CVE-2016-0865
107.181.254.6,haohanz,CVE-2016-0866
175.74.25.224,haohanz,CVE-2016-0867
77.144.247.186,haohanz,CVE-2016-0868
101.116.127.88,haohanz,CVE-2016-0869
191.132.217.11,haohanz,CVE-2016-0870
55.58.71.166,haohanz,CVE-2016-0951
46.193.121.47,haohanz,CVE-2016-0952
157.144.16.18,haohanz,CVE-2016-0963
31.196.171.80,haohanz,CVE-2016-1000307
243.119.152.74,haohanz,CVE-2016-10026
100.93.140.75,haohanz,CVE-2016-10222
237.97.38.7,haohanz,CVE-2016-10226
121.13.74.21,haohanz,CVE-2016-5709
177.172.153.150,haohanz,CVE-2016-6794
122.235.73.124,haohanz,CVE-2019-12786
107.112.49.214,haohanz,CVE-2019-12787
226.248.148.86,haohanz,CVE-2019-12788
122.42.218.98,haohanz,CVE-2019-12789
25.202.238.97,haohanz,CVE-2019-12790
201.75.74.4,haohanz,CVE-2019-9860
103.255.149.179,haohanz,CVE-2019-9861
109.58.239.246,haohanz,CVE-2019-9862
38.239.3.205,haohanz,CVE-2019-9863
232.162.255.165,haohanz,CVE-2019-9864
248.159.104.187,haohanz,CVE-2019-9865
169.183.220.161,haohanz,CVE-2019-9866
26.11.0.36,haohanz,CVE-2019-9867
249.233.222.160,haohanz,CVE-2019-9868
24.44.142.22,haohanz,CVE-2019-9870
250.163.145.174,haohanz,CVE-2019-9871
141.63.40.245,haohanz,CVE-2019-9874
225.3.40.249,haohanz,CVE-2019-9875
151.3.109.33,haohanz,CVE-2019-9877
182.235.70.102,haohanz,CVE-2019-9878
7.235.175.231,haohanz,CVE-2019-9879
37.102.161.6,haohanz,CVE-2019-9880
60.173.137.185,haohanz,CVE-2019-9881
185.173.44.25,haohanz,CVE-2019-9882
214.212.107.132,haohanz,CVE-2019-9883
107.112.49.214,haohanz,CVE-2019-9890
42.197.149.126,haohanz,CVE-2019-9891
123.135.247.45,haohanz,CVE-2019-9892
122.17.218.121,haohanz,CVE-2004-2761
70.57.246.198,haohanz,CVE-2007-4459
186.85.7.114,haohanz,CVE-2008-1344
127.0.191.210,haohanz,CVE-2008-1362
193.247.129.177,haohanz,CVE-2008-2370
97.38.121.127,haohanz,CVE-2009-2474
183.149.112.249,haohanz,CVE-2010-1679
214.36.147.187,haohanz,CVE-2011-4516
173.204.93.204,haohanz,CVE-2011-4517
72.156.71.222,haohanz,CVE-2012-1585
52.243.72.248,haohanz,CVE-2012-5452
169.103.21.99,haohanz,CVE-2013-4635
85.244.244.23,haohanz,CVE-2014-4014
141.170.253.54,haohanz,CVE-2014-8559
140.99.161.208,haohanz,CVE-2015-0119
192.254.53.168,haohanz,CVE-2015-0235
36.229.126.81,haohanz,CVE-2015-0284
174.124.182.45,haohanz,CVE-2015-0285
174.22.128.86,haohanz,CVE-2015-0286
171.25.122.77,haohanz,CVE-2015-0287
116.14.111.36,haohanz,CVE-2015-0290
64.173.186.206,haohanz,CVE-2015-0293
84.12.198.12,haohanz,CVE-2015-0295
187.183.147.14,haohanz,CVE-2015-0297
145.209.232.202,haohanz,CVE-2015-0301
84.67.10.138,haohanz,CVE-2015-0310
221.56.170.255,haohanz,CVE-2015-0794
55.216.248.236,haohanz,CVE-2015-1897
80.42.246.60,haohanz,CVE-2015-3197
23.47.182.195,haohanz,CVE-2015-3238
195.239.156.66,haohanz,CVE-2015-3280
17.99.155.217,haohanz,CVE-2015-5313
216.213.106.24,haohanz,CVE-2016-0714
250.168.60.113,haohanz,CVE-2016-0777
13.195.200.18,haohanz,CVE-2016-0834
23.47.182.195,haohanz,CVE-2016-0837
205.222.144.196,haohanz,CVE-2016-0838
140.103.231.186,haohanz,CVE-2016-0839
182.203.146.98,haohanz,CVE-2016-0840
189.73.225.155,haohanz,CVE-2016-0841
210.36.173.72,haohanz,CVE-2016-0842
52.175.113.18,haohanz,CVE-2016-0843
35.242.196.32,haohanz,CVE-2016-0844
96.80.73.247,haohanz,CVE-2016-0846
33.225.122.195,haohanz,CVE-2016-0847
150.123.180.23,haohanz,CVE-2016-0848
250.167.50.111,haohanz,CVE-2016-0849
242.145.224.3,haohanz,CVE-2016-0850
246.253.133.170,haohanz,CVE-2016-0851
15.39.47.238,haohanz,CVE-2016-0852
147.23.220.73,haohanz,CVE-2016-0853
185.33.110.185,haohanz,CVE-2016-0856
154.187.2.68,haohanz,CVE-2016-0857
70.57.246.198,haohanz,CVE-2016-0858
192.59.175.27,haohanz,CVE-2016-0859
233.158.22.105,haohanz,CVE-2016-0860
223.189.217.148,haohanz,CVE-2016-0861
231.70.30.121,haohanz,CVE-2016-0862
26.11.0.36,haohanz,CVE-2016-0863
141.60.71.5,haohanz,CVE-2016-0864
97.38.121.127,haohanz,CVE-2016-0865
225.3.40.249,haohanz,CVE-2016-0866
193.247.129.177,haohanz,CVE-2016-0867
38.1.88.53,haohanz,CVE-2016-0868
38.1.88.53,haohanz,CVE-2016-0869
167.35.165.35,haohanz,CVE-2016-0870
107.51.211.76,haohanz,CVE-2016-0951
110.74.186.209,haohanz,CVE-2016-0952
215.180.140.129,haohanz,CVE-2016-0963
210.182.0.13,haohanz,CVE-2016-1000307
67.181.164.8,haohanz,CVE-2016-10026
232.74.159.35,haohanz,CVE-2016-10222
16.231.223.66,haohanz,CVE-2016-10226
140.212.209.220,haohanz,CVE-2016-5709
54.215.172.237,haohanz,CVE-2016-6794
150.102.126.152,haohanz,CVE-2019-12786
162.123.222.29,haohanz,CVE-2019-12787
108.185.138.24,haohanz,CVE-2019-12788
175.6.146.25,haohanz,CVE-2019-12789
26.11.0.36,haohanz,CVE-2019-12790
67.117.43.53,haohanz,CVE-2019-9860
100.109.34.178,haohanz,CVE-2019-9861
214.60.109.85,haohanz,CVE-2019-9862
136.204.114.126,haohanz,CVE-2019-9863
102.57.181.178,haohanz,CVE-2019-9864
86.104.178.82,haohanz,CVE-2019-9865
104.101.169.99,haohanz,CVE-2019-9866
3.140.4.67,haohanz,CVE-2019-9867
191.132.217.11,haohanz,CVE-2019-9868
194.37.53.232,haohanz,CVE-2019-9870
230.145.76.173,haohanz,CVE-2019-9871
125.230.69.216,haohanz,CVE-2019-9874
32.50.97.129,haohanz,CVE-2019-9875
180.196.129.175,haohanz,CVE-2019-9877
202.38.250.251,haohanz,CVE-2019-9878
81.186.167.172,haohanz,CVE-2019-9879
110.217.93.195,haohanz,CVE-2019-9880
91.213.250.55,haohanz,CVE-2019-9881
196.108.247.123,haohanz,CVE-2019-9882
161.23.166.24,haohanz,CVE-2019-9883
3.217.38.3,haohanz,CVE-2019-9890
255.54.170.248,haohanz,CVE-2019-9891
203.124.68.233,haohanz,CVE-2019-9892
207.110.239.114,haohanz,CVE-2019-12745
210.102.65.141,haohanz,CVE-2019-12744
169.103.21.99,haohanz,CVE-2019-8459
125.230.69.216,haohanz,CVE-2019-8458
131.110.236.66,haohanz,CVE-2018-16116
6.217.89.26,haohanz,CVE-2018-15892
237.99.25.6,haohanz,CVE-2018-15891
244.246.226.176,haohanz,CVE-2018-15890
20.115.100.244,haohanz,CVE-2019-12905
77.141.102.58,haohanz,CVE-2018-16248
147.12.91.155,haohanz,CVE-2018-16247
200.219.149.121,haohanz,CVE-2018-16119
5.76.200.170,haohanz,CVE-2018-16118
150.190.55.69,haohanz,CVE-2018-16117
48.218.63.50,haohanz,CVE-2019-3735
23.145.115.82,haohanz,CVE-2019-12920
32.62.5.186,haohanz,CVE-2019-12919
136.204.114.126,haohanz,CVE-2018-15879
83.28.13.203,haohanz,CVE-2018-15878
227.179.206.192,haohanz,CVE-2018-15913
214.17.154.153,haohanz,CVE-2019-12745
42.49.167.92,haohanz,CVE-2019-12744
197.145.86.232,haohanz,CVE-2019-8459
162.212.97.123,haohanz,CVE-2019-8458
96.80.73.247,haohanz,CVE-2018-16116
175.172.230.209,haohanz,CVE-2018-15892
223.216.209.230,haohanz,CVE-2018-15891
40.124.201.28,haohanz,CVE-2018-15890
45.153.143.195,haohanz,CVE-2019-12905
29.57.150.65,haohanz,CVE-2018-16248
255.56.227.202,haohanz,CVE-2018-16247
39.0.149.104,haohanz,CVE-2018-16119
193.109.58.20,haohanz,CVE-2018-16118
174.34.216.183,haohanz,CVE-2018-16117
19.104.21.96,haohanz,CVE-2019-3735
17.65.62.225,haohanz,CVE-2019-12920
201.135.146.136,haohanz,CVE-2019-12919
15.39.47.238,haohanz,CVE-2018-15879
185.60.237.202,haohanz,CVE-2018-15878
135.78.246.49,haohanz,CVE-2018-15913
175.172.230.209,haohanz,CVE-2019-12745
29.17.89.152,haohanz,CVE-2019-12744
51.74.103.181,haohanz,CVE-2019-8459
76.51.52.228,haohanz,CVE-2019-8458
165.51.0.64,haohanz,CVE-2018-16116
241.19.253.203,haohanz,CVE-2018-15892
131.140.41.225,haohanz,CVE-2018-15891
166.251.74.253,haohanz,CVE-2018-15890
128.50.59.110,haohanz,CVE-2019-12905
103.18.202.32,haohanz,CVE-2018-16248
236.119.94.255,haohanz,CVE-2018-16247
28.132.185.176,haohanz,CVE-2018-16119
151.122.95.43,haohanz,CVE-2018-16118
64.173.186.206,haohanz,CVE-2018-16117
8.128.160.124,haohanz,CVE-2019-3735
39.72.3.118,haohanz,CVE-2019-12920
8.59.248.157,haohanz,CVE-2019-12919
49.252.7.221,haohanz,CVE-2018-15879
236.120.174.130,haohanz,CVE-2018-15878
228.163.28.49,haohanz,CVE-2018-15913
25.65.101.150,haohanz,CVE-2019-12745
3.140.4.67,haohanz,CVE-2019-12744
81.76.13.67,haohanz,CVE-2019-8459
57.8.5.56,haohanz,CVE-2019-8458
231.62.243.167,haohanz,CVE-2018-16116
236.119.94.255,haohanz,CVE-2018-15892
24.150.1.118,haohanz,CVE-2018-15891
122.235.73.124,haohanz,CVE-2018-15890
140.76.196.81,haohanz,CVE-2019-12905
119.244.66.200,haohanz,CVE-2018-16248
212.208.80.248,haohanz,CVE-2018-16247
227.179.206.192,haohanz,CVE-2018-16119
149.107.29.137,haohanz,CVE-2018-16118
82.140.135.82,haohanz,CVE-2018-16117
157.144.16.18,haohanz,CVE-2019-3735
240.20.73.73,haohanz,CVE-2019-12920
243.156.218.18,haohanz,CVE-2019-12919
212.124.191.124,haohanz,CVE-2018-15879
166.12.151.58,haohanz,CVE-2018-15878
67.76.54.74,haohanz,CVE-2018-15913
98.37.163.180,haohanz,CVE-2019-12745
241.19.253.203,haohanz,CVE-2019-12744
187.92.72.29,haohanz,CVE-2019-8459
32.62.5.186,haohanz,CVE-2019-8458
78.122.132.112,haohanz,CVE-2018-16116
8.59.248.157,haohanz,CVE-2018-15892
204.13.83.127,haohanz,CVE-2018-15891
230.145.76.173,haohanz,CVE-2018-15890
185.61.160.15,haohanz,CVE-2019-12905
12.152.232.210,haohanz,CVE-2018-16248
165.51.0.64,haohanz,CVE-2018-16247
77.141.102.58,haohanz,CVE-2018-16119
173.172.89.115,haohanz,CVE-2018-16118
61.229.251.239,haohanz,CVE-2018-16117
113.180.230.132,haohanz,CVE-2019-3735
159.110.219.154,haohanz,CVE-2019-12920
122.177.117.164,haohanz,CVE-2019-12919
115.1.117.187,haohanz,CVE-2018-15879
140.135.79.90,haohanz,CVE-2018-15878
15.64.144.23,haohanz,CVE-2018-15913
228.1.160.2,haohanz,CVE-2019-12745
235.110.26.147,haohanz,CVE-2019-12744
140.99.161.208,haohanz,CVE-2019-8459
16.237.240.35,haohanz,CVE-2019-8458
159.7.184.75,haohanz,CVE-2018-16116
138.125.130.68,haohanz,CVE-2018-15892
105.140.185.67,haohanz,CVE-2018-15891
236.86.8.140,haohanz,CVE-2018-15890
2.108.227.235,haohanz,CVE-2019-12905
140.15.114.106,haohanz,CVE-2018-16248
130.55.183.45,haohanz,CVE-2018-16247
147.23.220.73,haohanz,CVE-2018-16119
24.172.148.135,haohanz,CVE-2018-16118
168.129.203.127,haohanz,CVE-2018-16117
46.193.121.47,haohanz,CVE-2019-3735
171.16.174.55,haohanz,CVE-2019-12920
22.55.214.147,haohanz,CVE-2019-12919
45.153.143.195,haohanz,CVE-2018-15879
23.145.115.82,haohanz,CVE-2018-15878
130.68.244.211,haohanz,CVE-2018-15913
235.120.246.84,haohanz,CVE-2019-12745
102.6.92.36,haohanz,CVE-2019-12744
204.128.78.109,haohanz,CVE-2019-8459
201.135.146.136,haohanz,CVE-2019-8458
0.179.109.247,haohanz,CVE-2018-16116
227.125.100.144,haohanz,CVE-2018-15892
73.159.228.242,haohanz,CVE-2018-15891
31.142.88.122,haohanz,CVE-2018-15890
141.60.71.5,haohanz,CVE-2019-12905
21.148.122.74,haohanz,CVE-2018-16248
55.170.66.91,haohanz,CVE-2018-16247
0.230.112.44,haohanz,CVE-2018-16119
3.138.237.231,haohanz,CVE-2018-16118
227.244.176.18,haohanz,CVE-2018-16117
30.55.57.106,haohanz,CVE-2019-3735
75.203.179.239,haohanz,CVE-2019-12920
89.145.38.196,haohanz,CVE-2019-12919
3.115.163.160,haohanz,CVE-2018-15879
185.153.177.249,haohanz,CVE-2018-15878
225.225.199.246,haohanz,CVE-2018-15913
241.123.101.152,haohanz,CVE-2019-12745
179.48.177.120,haohanz,CVE-2019-12744
136.42.33.225,haohanz,CVE-2019-8459
58.77.171.62,haohanz,CVE-2019-8458
35.31.163.38,haohanz,CVE-2018-16116
147.237.184.167,haohanz,CVE-2018-15892
188.224.187.223,haohanz,CVE-2018-15891
24.47.146.142,haohanz,CVE-2018-15890
158.33.248.178,haohanz,CVE-2019-12905
130.19.51.212,haohanz,CVE-2018-16248
16.205.69.1,haohanz,CVE-2018-16247
6.217.89.26,haohanz,CVE-2018-16119
98.109.102.195,haohanz,CVE-2018-16118
156.14.121.123,haohanz,CVE-2018-16117
10.146.67.13,haohanz,CVE-2019-3735
107.181.254.6,haohanz,CVE-2019-12920
209.82.194.111,haohanz,CVE-2019-12919
187.183.147.14,haohanz,CVE-2018-15879
128.115.74.66,haohanz,CVE-2018-15878
166.194.40.92,haohanz,CVE-2018-15913
243.119.152.74,haohanz,CVE-2019-12745
108.113.19.197,haohanz,CVE-2019-12744
216.197.100.166,haohanz,CVE-2019-8459
205.252.194.171,haohanz,CVE-2019-8458
150.46.223.0,haohanz,CVE-2018-16116
34.55.176.114,haohanz,CVE-2018-15892
135.78.246.49,haohanz,CVE-2018-15891
108.113.19.197,haohanz,CVE-2018-15890
5.76.200.170,haohanz,CVE-2019-12905
77.141.102.58,haohanz,CVE-2018-16248
244.171.133.21,haohanz,CVE-2018-16247
73.73.188.115,haohanz,CVE-2018-16119
65.69.77.55,haohanz,CVE-2018-16118
55.216.248.236,haohanz,CVE-2018-16117
182.246.83.86,haohanz,CVE-2019-3735
174.34.216.183,haohanz,CVE-2019-12920
65.131.175.204,haohanz,CVE-2019-12919
111.91.163.177,haohanz,CVE-2018-15879
167.11.166.10,haohanz,CVE-2018-15878
227.244.176.18,haohanz,CVE-2018-15913
80.169.66.118,haohanz,CVE-2019-12745
74.128.235.135,haohanz,CVE-2019-12744
14.92.224.110,haohanz,CVE-2019-8459
5.128.147.160,haohanz,CVE-2019-8458
146.241.99.91,haohanz,CVE-2018-16116
236.159.157.26,haohanz,CVE-2018-15892
214.212.107.132,haohanz,CVE-2018-15891
128.116.22.89,haohanz,CVE-2018-15890
73.205.145.155,haohanz,CVE-2019-12905
196.108.247.123,haohanz,CVE-2018-16248
161.225.46.140,haohanz,CVE-2018-16247
46.193.121.47,haohanz,CVE-2018-16119
226.82.48.150,haohanz,CVE-2018-16118
51.218.94.233,haohanz,CVE-2018-16117
140.26.46.110,haohanz,CVE-2019-3735
185.60.237.202,haohanz,CVE-2019-12920
80.101.50.36,haohanz,CVE-2019-12919
96.127.174.150,haohanz,CVE-2018-15879
185.133.237.74,haohanz,CVE-2018-15878
217.206.248.108,haohanz,CVE-2018-15913
162.43.56.174,haohanz,CVE-2019-12745
57.8.5.56,haohanz,CVE-2019-12744
175.121.128.72,haohanz,CVE-2019-8459
215.23.168.223,haohanz,CVE-2019-8458
237.251.196.129,haohanz,CVE-2018-16116
240.236.189.243,haohanz,CVE-2018-15892
161.23.166.24,haohanz,CVE-2018-15891
156.14.121.123,haohanz,CVE-2018-15890
152.86.167.194,haohanz,CVE-2019-12905
58.18.24.156,haohanz,CVE-2018-16248
119.107.251.173,haohanz,CVE-2018-16247
140.135.79.90,haohanz,CVE-2018-16119
236.86.8.140,haohanz,CVE-2018-16118
20.115.100.244,haohanz,CVE-2018-16117
61.229.251.239,haohanz,CVE-2019-3735
111.61.222.105,haohanz,CVE-2019-12920
194.37.53.232,haohanz,CVE-2019-12919
74.128.235.135,haohanz,CVE-2018-15879
49.206.201.188,haohanz,CVE-2018-15878
253.131.43.245,haohanz,CVE-2018-15913
103.255.149.179,haohanz,CVE-2019-12745
34.79.52.102,haohanz,CVE-2019-12744
255.157.187.77,haohanz,CVE-2019-8459
119.21.76.125,haohanz,CVE-2019-8458
195.239.156.66,haohanz,CVE-2018-16116
124.232.48.233,haohanz,CVE-2018-15892
180.30.14.50,haohanz,CVE-2018-15891
69.233.251.31,haohanz,CVE-2018-15890
4.56.237.139,haohanz,CVE-2019-12905
109.143.9.143,haohanz,CVE-2018-16248
48.41.139.245,haohanz,CVE-2018-16247
227.125.100.144,haohanz,CVE-2018-16119
141.164.46.32,haohanz,CVE-2018-16118
98.109.102.195,haohanz,CVE-2018-16117
77.141.102.58,haohanz,CVE-2019-3735
117.46.188.137,haohanz,CVE-2019-12920
113.168.145.73,haohanz,CVE-2019-12919
85.23.105.43,haohanz,CVE-2018-15879
121.242.150.234,haohanz,CVE-2018-15878
37.102.161.6,haohanz,CVE-2018-15913
168.129.203.127,haohanz,CVE-2019-12745
150.46.223.0,haohanz,CVE-2019-12744
242.234.143.7,haohanz,CVE-2019-8459
111.91.163.177,haohanz,CVE-2019-8458
227.0.113.1,haohanz,CVE-2018-16116
229.204.214.9,haohanz,CVE-2018-15892
245.226.171.23,haohanz,CVE-2018-15891
91.245.196.23,haohanz,CVE-2018-15890
255.56.227.202,haohanz,CVE-2019-12905
242.121.54.111,haohanz,CVE-2018-16248
91.245.196.23,haohanz,CVE-2018-16247
104.253.241.160,haohanz,CVE-2018-16119
229.194.23.153,haohanz,CVE-2018-16118
123.135.247.45,haohanz,CVE-2018-16117
16.205.69.1,haohanz,CVE-2019-3735
94.93.6.52,haohanz,CVE-2019-12920
49.65.40.149,haohanz,CVE-2019-12919
177.249.214.157,haohanz,CVE-2018-15879
167.61.226.61,haohanz,CVE-2018-15878
156.231.166.128,haohanz,CVE-2018-15913
89.161.103.193,haohanz,CVE-2019-12745
153.103.41.83,haohanz,CVE-2019-12744
225.31.134.251,haohanz,CVE-2019-8459
9.31.250.100,haohanz,CVE-2019-8458
202.160.160.91,haohanz,CVE-2018-16116
150.103.34.55,haohanz,CVE-2018-15892
194.37.53.232,haohanz,CVE-2018-15891
62.210.40.243,haohanz,CVE-2018-15890
198.222.96.226,haohanz,CVE-2019-12905
90.122.88.222,haohanz,CVE-2018-16248
54.150.227.47,haohanz,CVE-2018-16247
150.102.126.152,haohanz,CVE-2018-16119
31.196.171.80,haohanz,CVE-2018-16118
208.39.188.84,haohanz,CVE-2018-16117
214.112.49.20,haohanz,CVE-2019-3735
29.17.89.152,haohanz,CVE-2019-12920
227.0.113.1,haohanz,CVE-2019-12919
51.218.94.233,haohanz,CVE-2018-15879
49.206.201.188,haohanz,CVE-2018-15878
150.102.126.152,haohanz,CVE-2018-15913
95.178.148.164,haohanz,CVE-2019-12745
73.241.110.34,haohanz,CVE-2019-12744
203.124.68.233,haohanz,CVE-2019-8459
203.124.68.233,haohanz,CVE-2019-8458
172.13.70.66,haohanz,CVE-2018-16116
28.132.185.176,haohanz,CVE-2018-15892
31.63.10.226,haohanz,CVE-2018-15891
119.126.0.208,haohanz,CVE-2018-15890
48.218.63.50,haohanz,CVE-2019-12905
87.146.187.104,haohanz,CVE-2018-16248
98.116.156.44,haohanz,CVE-2018-16247
185.61.160.15,haohanz,CVE-2018-16119
237.120.44.134,haohanz,CVE-2018-16118
150.49.56.163,haohanz,CVE-2018-16117
103.218.49.80,haohanz,CVE-2019-3735
112.105.35.20,haohanz,CVE-2019-12920
112.105.35.20,haohanz,CVE-2019-12919
56.248.251.212,haohanz,CVE-2018-15879
237.86.111.137,haohanz,CVE-2018-15878
201.30.225.4,haohanz,CVE-2018-15913
192.59.175.27,haohanz,CVE-2019-12745
227.179.206.192,haohanz,CVE-2019-12744
173.70.32.150,haohanz,CVE-2019-8459
142.252.140.38,haohanz,CVE-2019-8458
180.251.240.195,haohanz,CVE-2018-16116
42.1.129.255,haohanz,CVE-2018-15892
240.120.35.91,haohanz,CVE-2018-15891
152.204.127.242,haohanz,CVE-2018-15890
98.116.156.44,haohanz,CVE-2019-12905
156.231.166.128,haohanz,CVE-2018-16248
0.88.15.38,haohanz,CVE-2018-16247
128.83.172.114,haohanz,CVE-2018-16119
63.201.148.214,haohanz,CVE-2018-16118
215.214.212.215,haohanz,CVE-2018-16117
81.252.30.75,haohanz,CVE-2019-3735
171.224.48.120,haohanz,CVE-2019-12920
89.145.38.196,haohanz,CVE-2019-12919
11.47.148.13,haohanz,CVE-2018-15879
16.31.174.123,haohanz,CVE-2018-15878
2.85.220.77,haohanz,CVE-2018-15913
246.176.148.251,haohanz,CVE-2019-12745
173.70.32.150,haohanz,CVE-2019-12744
58.206.180.226,haohanz,CVE-2019-8459
113.168.145.73,haohanz,CVE-2019-8458
172.156.103.44,haohanz,CVE-2018-16116
188.226.126.45,haohanz,CVE-2018-15892
255.121.137.15,haohanz,CVE-2018-15891
167.163.240.62,haohanz,CVE-2018-15890
228.232.136.123,haohanz,CVE-2019-12905
1.217.216.186,haohanz,CVE-2018-16248
186.85.7.114,haohanz,CVE-2018-16247
156.197.241.140,haohanz,CVE-2018-16119
89.161.103.193,haohanz,CVE-2018-16118
147.1.241.36,haohanz,CVE-2018-16117
132.86.5.180,haohanz,CVE-2019-3735
237.99.25.6,haohanz,CVE-2019-12920
46.242.12.39,haohanz,CVE-2019-12919
69.196.46.213,haohanz,CVE-2018-15879
107.170.242.80,haohanz,CVE-2018-15878
141.67.209.218,haohanz,CVE-2018-15913
21.30.53.172,haohanz,CVE-2019-12745
183.149.112.249,haohanz,CVE-2019-12744
177.249.214.157,haohanz,CVE-2019-8459
211.58.92.229,haohanz,CVE-2019-8458
125.17.179.74,haohanz,CVE-2018-16116
177.186.48.19,haohanz,CVE-2018-15892
17.65.62.225,haohanz,CVE-2018-15891
70.198.200.153,haohanz,CVE-2018-15890
99.250.76.162,haohanz,CVE-2019-12905
141.67.209.218,haohanz,CVE-2018-16248
254.154.133.61,haohanz,CVE-2018-16247
150.103.34.55,haohanz,CVE-2018-16119
214.60.109.85,haohanz,CVE-2018-16118
156.202.187.179,haohanz,CVE-2018-16117
200.225.124.68,haohanz,CVE-2019-3735
250.168.60.113,haohanz,CVE-2019-12920
185.153.177.249,haohanz,CVE-2019-12919
224.136.25.165,haohanz,CVE-2018-15879
6.42.152.189,haohanz,CVE-2018-15878
102.6.92.36,haohanz,CVE-2018-15913
228.163.28.49,haohanz,CVE-2019-12745
25.239.164.17,haohanz,CVE-2019-12744
16.24.31.105,haohanz,CVE-2019-8459
252.110.175.110,haohanz,CVE-2019-8458
138.14.17.27,haohanz,CVE-2018-16116
114.244.15.62,haohanz,CVE-2018-15892
172.166.140.1,haohanz,CVE-2018-15891
15.198.197.132,haohanz,CVE-2018-15890
150.102.126.152,haohanz,CVE-2019-12905
228.1.160.2,haohanz,CVE-2018-16248
150.173.132.218,haohanz,CVE-2018-16247
174.22.128.86,haohanz,CVE-2018-16119
162.43.56.174,haohanz,CVE-2018-16118
240.14.220.101,haohanz,CVE-2018-16117
243.19.191.62,haohanz,CVE-2019-3735
58.206.180.226,haohanz,CVE-2019-12920
140.255.249.240,haohanz,CVE-2019-12919
107.134.128.164,haohanz,CVE-2018-15879
33.1.7.94,haohanz,CVE-2018-15878
203.131.133.14,haohanz,CVE-2018-15913
48.3.3.158,haohanz,CVE-2019-12745
223.216.209.230,haohanz,CVE-2019-12744
103.251.167.253,haohanz,CVE-2019-8459
205.168.174.241,haohanz,CVE-2019-8458
93.8.93.140,haohanz,CVE-2018-16116
252.110.175.110,haohanz,CVE-2018-15892
33.33.48.126,haohanz,CVE-2018-15891
23.145.115.82,haohanz,CVE-2018-15890
208.39.188.84,haohanz,CVE-2019-12905
1.111.193.202,haohanz,CVE-2018-16248
225.0.120.78,haohanz,CVE-2018-16247
80.169.66.118,haohanz,CVE-2018-16119
157.174.42.149,haohanz,CVE-2018-16118
177.156.196.6,haohanz,CVE-2018-16117
250.167.50.111,haohanz,CVE-2019-3735
36.229.126.81,haohanz,CVE-2019-12920
227.25.78.73,haohanz,CVE-2019-12919
96.0.64.138,haohanz,CVE-2018-15879
103.251.167.253,haohanz,CVE-2018-15878
7.235.175.231,haohanz,CVE-2018-15913
124.103.53.148,haohanz,CVE-2019-12745
100.239.171.195,haohanz,CVE-2019-12744
193.210.74.225,haohanz,CVE-2019-8459
31.63.10.226,haohanz,CVE-2019-8458
20.70.180.238,haohanz,CVE-2018-16116
214.36.147.187,haohanz,CVE-2018-15892
211.59.2.116,haohanz,CVE-2018-15891
186.80.125.102,haohanz,CVE-2018-15890
172.166.140.1,haohanz,CVE-2019-12905
178.90.18.188,haohanz,CVE-2018-16248
173.70.32.150,haohanz,CVE-2018-16247
37.104.237.76,haohanz,CVE-2018-16119
150.190.55.69,haohanz,CVE-2018-16118
46.20.12.117,haohanz,CVE-2018-16117
207.239.135.201,haohanz,CVE-2019-3735
216.55.70.168,haohanz,CVE-2019-12920
254.12.66.119,haohanz,CVE-2019-12919
254.154.133.61,haohanz,CVE-2018-15879
64.173.186.206,haohanz,CVE-2018-15878
167.196.253.252,haohanz,CVE-2018-15913
100.109.34.178,haohanz,CVE-2019-12745
227.244.176.18,haohanz,CVE-2019-12744
117.240.108.74,haohanz,CVE-2019-8459
120.92.95.206,haohanz,CVE-2019-8458
1.111.193.202,haohanz,CVE-2018-16116
28.142.39.38,haohanz,CVE-2018-15892
0.75.21.51,haohanz,CVE-2018-15891
90.255.147.222,haohanz,CVE-2018-15890
221.169.32.132,haohanz,CVE-2019-12905
48.177.75.38,haohanz,CVE-2018-16248
150.123.180.23,haohanz,CVE-2018-16247
140.212.209.220,haohanz,CVE-2018-16119
242.234.143.7,haohanz,CVE-2018-16118
190.165.10.140,haohanz,CVE-2018-16117
245.45.8.69,haohanz,CVE-2019-3735
122.48.177.116,haohanz,CVE-2019-12920
171.210.3.72,haohanz,CVE-2019-12919
25.65.101.150,haohanz,CVE-2018-15879
48.218.63.50,haohanz,CVE-2018-15878
99.195.161.218,haohanz,CVE-2018-15913
214.173.181.142,haohanz,CVE-2019-12745
205.115.210.82,haohanz,CVE-2019-12744
99.250.76.162,haohanz,CVE-2019-8459
214.212.107.132,haohanz,CVE-2019-8458
55.140.186.8,haohanz,CVE-2018-16116
255.157.187.77,haohanz,CVE-2018-15892
200.44.200.2,haohanz,CVE-2018-15891
17.99.155.217,haohanz,CVE-2018-15890
201.93.225.63,haohanz,CVE-2019-12905
85.244.244.23,haohanz,CVE-2018-16248
26.11.0.36,haohanz,CVE-2018-16247
193.32.29.101,haohanz,CVE-2018-16119
109.37.140.66,haohanz,CVE-2018-16118
252.136.202.35,haohanz,CVE-2018-16117
55.170.66.91,haohanz,CVE-2019-3735
136.21.67.75,haohanz,CVE-2019-12920
190.165.10.140,haohanz,CVE-2019-12919
254.136.78.77,haohanz,CVE-2018-15879
23.145.115.82,haohanz,CVE-2018-15878
70.198.200.153,haohanz,CVE-2018-15913
65.69.77.55,haohanz,CVE-2019-12745
122.177.117.164,haohanz,CVE-2019-12744
15.64.144.23,haohanz,CVE-2019-8459
105.140.185.67,haohanz,CVE-2019-8458
43.13.164.216,haohanz,CVE-2018-16116
150.163.132.10,haohanz,CVE-2018-15892
176.43.9.95,haohanz,CVE-2018-15891
73.217.226.25,haohanz,CVE-2018-15890
32.86.39.72,haohanz,CVE-2019-12905
7.235.175.231,haohanz,CVE-2018-16248
5.128.147.160,haohanz,CVE-2018-16247
219.21.85.17,haohanz,CVE-2018-16119
237.255.41.235,haohanz,CVE-2018-16118
139.81.190.116,haohanz,CVE-2018-16117
99.237.226.183,haohanz,CVE-2019-3735
232.74.159.35,haohanz,CVE-2019-12920
225.3.40.249,haohanz,CVE-2019-12919
14.142.61.206,haohanz,CVE-2018-15879
250.168.60.113,haohanz,CVE-2018-15878
124.95.190.33,haohanz,CVE-2018-15913
232.197.133.168,haohanz,CVE-2019-12745
119.244.66.200,haohanz,CVE-2019-12744
221.169.32.132,haohanz,CVE-2019-8459
217.206.248.108,haohanz,CVE-2019-8458
132.114.98.145,haohanz,CVE-2018-16116
218.173.244.158,haohanz,CVE-2018-15892
83.243.123.19,haohanz,CVE-2018-15891
19.104.21.96,haohanz,CVE-2018-15890
254.136.78.77,haohanz,CVE-2019-12905
185.33.110.185,haohanz,CVE-2018-16248
25.239.164.17,haohanz,CVE-2018-16247
114.244.15.62,haohanz,CVE-2018-16119
93.8.93.140,haohanz,CVE-2018-16118
254.154.133.61,haohanz,CVE-2018-16117
249.116.92.167,haohanz,CVE-2019-3735
169.183.220.161,haohanz,CVE-2019-12920
66.94.238.103,haohanz,CVE-2019-12919
6.10.113.87,haohanz,CVE-2018-15879
227.192.130.105,haohanz,CVE-2018-15878
153.103.41.83,haohanz,CVE-2018-15913
14.42.109.42,haohanz,CVE-2019-12745
232.59.162.177,haohanz,CVE-2019-12744
38.202.197.207,haohanz,CVE-2019-8459
117.231.231.95,haohanz,CVE-2019-8458
31.48.139.77,haohanz,CVE-2018-16116
173.181.205.24,haohanz,CVE-2018-15892
17.165.193.222,haohanz,CVE-2018-15891
130.19.51.212,haohanz,CVE-2018-15890
237.99.25.6,haohanz,CVE-2019-12905
203.124.68.233,haohanz,CVE-2018-16248
51.62.130.46,haohanz,CVE-2018-16247
122.177.117.164,haohanz,CVE-2018-16119
42.1.129.255,haohanz,CVE-2018-16118
221.169.32.132,haohanz,CVE-2018-16117
45.153.143.195,haohanz,CVE-2019-3735
54.161.219.22,haohanz,CVE-2019-12920
204.132.230.206,haohanz,CVE-2019-12919
32.215.206.161,haohanz,CVE-2018-15879
4.168.84.172,haohanz,CVE-2018-15878
81.186.167.172,haohanz,CVE-2018-15913
206.177.243.210,haohanz,CVE-2019-12745
169.219.36.26,haohanz,CVE-2019-12744
42.34.18.149,haohanz,CVE-2019-8459
104.93.80.153,haohanz,CVE-2019-8458
195.137.171.164,haohanz,CVE-2018-16116
61.216.207.13,haohanz,CVE-2018-15892
28.197.51.203,haohanz,CVE-2018-15891
185.133.237.74,haohanz,CVE-2018-15890
252.136.202.35,haohanz,CVE-2019-12905
245.226.171.23,haohanz,CVE-2018-16248
104.253.241.160,haohanz,CVE-2018-16247
26.96.109.27,haohanz,CVE-2018-16119
91.45.39.214,haohanz,CVE-2018-16118
32.37.113.7,haohanz,CVE-2018-16117
157.144.16.18,haohanz,CVE-2019-3735
6.67.195.108,haohanz,CVE-2019-12920
223.151.48.244,haohanz,CVE-2019-12919
62.112.13.252,haohanz,CVE-2018-15879
160.154.180.117,haohanz,CVE-2018-15878
190.248.165.220,haohanz,CVE-2018-15913
219.238.209.32,haohanz,CVE-2019-12745
112.253.116.169,haohanz,CVE-2019-12744
140.162.123.33,haohanz,CVE-2019-8459
148.217.186.250,haohanz,CVE-2019-8458
233.43.76.218,haohanz,CVE-2018-16116
95.106.90.232,haohanz,CVE-2018-15892
140.212.209.220,haohanz,CVE-2018-15891
237.89.204.148,haohanz,CVE-2018-15890
168.201.236.153,haohanz,CVE-2019-12905
187.183.147.14,haohanz,CVE-2018-16248
204.13.83.127,haohanz,CVE-2018-16247
240.233.172.229,haohanz,CVE-2018-16119
140.212.209.220,haohanz,CVE-2018-16118
146.94.141.237,haohanz,CVE-2018-16117
122.17.218.121,haohanz,CVE-2019-3735
157.248.214.246,haohanz,CVE-2019-12920
85.23.105.43,haohanz,CVE-2019-12919
253.211.63.180,haohanz,CVE-2018-15879
166.153.49.5,haohanz,CVE-2018-15878
165.146.41.191,haohanz,CVE-2018-15913
63.201.148.214,haohanz,CVE-2019-12745
178.51.200.113,haohanz,CVE-2019-12744
121.215.122.150,haohanz,CVE-2019-8459
125.148.132.52,haohanz,CVE-2019-8458
171.224.48.120,haohanz,CVE-2018-16116
17.65.62.225,haohanz,CVE-2018-15892
6.42.152.189,haohanz,CVE-2018-15891
140.135.79.90,haohanz,CVE-2018-15890
210.36.173.72,haohanz,CVE-2019-12905
185.33.110.185,haohanz,CVE-2018-16248
13.195.200.18,haohanz,CVE-2018-16247
194.126.105.60,haohanz,CVE-2018-16119
89.129.241.153,haohanz,CVE-2018-16118
149.178.141.50,haohanz,CVE-2018-16117
160.120.14.44,haohanz,CVE-2019-3735
3.217.38.3,haohanz,CVE-2019-12920
77.52.181.238,haohanz,CVE-2019-12919
34.55.176.114,haohanz,CVE-2018-15879
121.242.150.234,haohanz,CVE-2018-15878
24.29.67.13,haohanz,CVE-2018-15913
220.198.233.68,haohanz,CVE-2019-12745
148.156.101.7,haohanz,CVE-2019-12744
240.233.172.229,haohanz,CVE-2019-8459
205.168.174.241,haohanz,CVE-2019-8458
15.39.47.238,haohanz,CVE-2018-16116
241.140.182.149,haohanz,CVE-2018-15892
240.252.17.163,haohanz,CVE-2018-15891
242.121.54.111,haohanz,CVE-2018-15890
171.25.122.77,haohanz,CVE-2019-12905
141.153.61.139,haohanz,CVE-2018-16248
182.125.118.119,haohanz,CVE-2018-16247
124.95.190.33,haohanz,CVE-2018-16119
2.108.227.235,haohanz,CVE-2018-16118
75.203.179.239,haohanz,CVE-2018-16117
85.125.138.165,haohanz,CVE-2019-3735
32.26.218.89,haohanz,CVE-2019-12920
140.134.5.249,haohanz,CVE-2019-12919
166.214.173.35,haohanz,CVE-2018-15879
145.6.7.225,haohanz,CVE-2018-15878
213.122.232.133,haohanz,CVE-2018-15913
62.112.13.252,haohanz,CVE-2019-12745
98.109.102.195,haohanz,CVE-2019-12744
48.41.139.245,haohanz,CVE-2019-8459
30.76.73.226,haohanz,CVE-2019-8458
36.229.126.81,haohanz,CVE-2018-16116
51.36.200.33,haohanz,CVE-2018-15892
211.13.125.237,haohanz,CVE-2018-15891
107.112.49.214,haohanz,CVE-2018-15890
124.47.72.6,haohanz,CVE-2019-12905
244.62.54.106,haohanz,CVE-2018-16248
58.206.180.226,haohanz,CVE-2018-16247
220.67.40.105,haohanz,CVE-2018-16119
23.192.232.225,haohanz,CVE-2018-16118
152.204.127.242,haohanz,CVE-2018-16117
181.21.236.247,haohanz,CVE-2019-3735
26.126.205.142,haohanz,CVE-2019-12920
65.69.77.55,haohanz,CVE-2019-12919
160.154.180.117,haohanz,CVE-2018-15879
85.125.138.165,haohanz,CVE-2018-15878
244.116.146.77,haohanz,CVE-2018-15913
78.253.167.4,haohanz,CVE-2019-12745
0.232.19.163,haohanz,CVE-2019-12744
23.145.115.82,haohanz,CVE-2019-8459
174.34.216.183,haohanz,CVE-2019-8458
17.65.62.225,haohanz,CVE-2018-16116
51.147.253.201,haohanz,CVE-2018-15892
192.121.132.29,haohanz,CVE-2018-15891
206.177.243.210,haohanz,CVE-2018-15890
117.23.160.118,haohanz,CVE-2019-12905
29.237.8.181,haohanz,CVE-2018-16248
150.123.180.23,haohanz,CVE-2018-16247
83.10.172.192,haohanz,CVE-2018-16119
79.35.208.238,haohanz,CVE-2018-16118
244.171.133.21,haohanz,CVE-2018-16117
162.43.56.174,haohanz,CVE-2019-3735
8.59.248.157,haohanz,CVE-2019-12920
177.172.153.150,haohanz,CVE-2019-12919
128.115.74.66,haohanz,CVE-2018-15879
150.123.180.23,haohanz,CVE-2018-15878
63.242.77.183,haohanz,CVE-2018-15913
249.11.55.60,haohanz,CVE-2019-12745
217.161.235.204,haohanz,CVE-2019-12744
128.115.74.66,haohanz,CVE-2019-8459
89.145.38.196,haohanz,CVE-2019-8458
12.152.232.210,haohanz,CVE-2018-16116
157.248.214.246,haohanz,CVE-2018-15892
133.90.37.243,haohanz,CVE-2018-15891
22.140.45.221,haohanz,CVE-2018-15890
202.37.27.249,haohanz,CVE-2019-12905
215.214.212.215,haohanz,CVE-2018-16248
6.10.113.87,haohanz,CVE-2018-16247
81.186.167.172,haohanz,CVE-2018-16119
221.211.143.185,haohanz,CVE-2018-16118
120.92.95.206,haohanz,CVE-2018-16117
53.176.230.195,haohanz,CVE-2019-3735
243.205.101.254,haohanz,CVE-2019-12920
162.162.24.147,haohanz,CVE-2019-12919
151.122.95.43,haohanz,CVE-2018-15879
37.28.65.246,haohanz,CVE-2018-15878
206.185.46.18,haohanz,CVE-2018-15913
62.210.40.243,haohanz,CVE-2019-12745
130.99.115.206,haohanz,CVE-2019-12744
135.70.76.67,haohanz,CVE-2019-8459
87.146.187.104,haohanz,CVE-2019-8458
128.242.182.141,haohanz,CVE-2018-16116
140.134.5.249,haohanz,CVE-2018-15892
35.152.226.3,haohanz,CVE-2018-15891
30.55.57.106,haohanz,CVE-2018-15890
94.173.19.96,haohanz,CVE-2019-12905
108.113.19.197,haohanz,CVE-2018-16248
63.182.141.14,haohanz,CVE-2018-16247
96.80.73.247,haohanz,CVE-2018-16119
185.60.237.202,haohanz,CVE-2018-16118
104.253.241.160,haohanz,CVE-2018-16117
111.61.222.105,haohanz,CVE-2019-3735
58.129.125.1,haohanz,CVE-2019-12920
104.101.169.99,haohanz,CVE-2019-12919
103.218.49.80,haohanz,CVE-2018-15879
100.224.158.241,haohanz,CVE-2018-15878
2.136.175.66,haohanz,CVE-2018-15913
99.172.180.126,haohanz,CVE-2019-12745
91.73.199.177,haohanz,CVE-2019-12744
73.217.226.25,haohanz,CVE-2019-8459
242.121.54.111,haohanz,CVE-2019-8458
149.85.105.220,haohanz,CVE-2018-16116
201.93.225.63,haohanz,CVE-2018-15892
98.191.255.159,haohanz,CVE-2018-15891
2.85.220.77,haohanz,CVE-2018-15890
120.67.5.13,haohanz,CVE-2019-12905
128.116.22.89,haohanz,CVE-2018-16248
250.51.83.135,haohanz,CVE-2018-16247
102.40.157.131,haohanz,CVE-2018-16119
111.61.222.105,haohanz,CVE-2018-16118
251.223.22.227,haohanz,CVE-2018-16117
251.223.22.227,haohanz,CVE-2019-3735
185.33.110.185,haohanz,CVE-2019-12920
203.124.68.233,haohanz,CVE-2019-12919
250.167.50.111,haohanz,CVE-2018-15879
89.119.169.71,haohanz,CVE-2018-15878
16.31.174.123,haohanz,CVE-2018-15913
140.135.79.90,haohanz,CVE-2019-12745
117.255.168.208,haohanz,CVE-2019-12744
210.244.143.96,haohanz,CVE-2019-8459
123.135.247.45,haohanz,CVE-2019-8458
118.33.189.11,haohanz,CVE-2018-16116
211.59.2.116,haohanz,CVE-2018-15892
24.150.1.118,haohanz,CVE-2018-15891
8.220.71.224,haohanz,CVE-2018-15890
104.88.122.175,haohanz,CVE-2019-12905
25.202.238.97,haohanz,CVE-2018-16248
176.127.56.246,haohanz,CVE-2018-16247
230.23.93.179,haohanz,CVE-2018-16119
177.156.196.6,haohanz,CVE-2018-16118
29.237.8.181,haohanz,CVE-2018-16117
173.172.89.115,haohanz,CVE-2019-3735
210.43.202.119,haohanz,CVE-2019-12920
43.176.170.15,haohanz,CVE-2019-12919
119.126.0.208,haohanz,CVE-2018-15879
96.80.73.247,haohanz,CVE-2018-15878
73.99.163.158,haohanz,CVE-2018-15913
226.82.48.150,haohanz,CVE-2019-12745
34.123.197.230,haohanz,CVE-2019-12744
76.237.233.254,haohanz,CVE-2019-8459
203.67.34.158,haohanz,CVE-2019-8458
156.197.241.140,haohanz,CVE-2018-16116
81.123.197.141,haohanz,CVE-2018-15892
6.84.181.111,haohanz,CVE-2018-15891
171.210.3.72,haohanz,CVE-2018-15890
167.196.253.252,haohanz,CVE-2019-12905
2.108.227.235,haohanz,CVE-2018-16248
2.136.175.66,haohanz,CVE-2018-16247
195.239.136.246,haohanz,CVE-2018-16119
83.28.13.203,haohanz,CVE-2018-16118
102.6.92.36,haohanz,CVE-2018-16117
188.179.60.6,haohanz,CVE-2019-3735
46.26.22.25,haohanz,CVE-2019-12920
27.202.149.227,haohanz,CVE-2019-12919
245.45.8.69,haohanz,CVE-2018-15879
202.143.53.53,haohanz,CVE-2018-15878
251.223.22.227,haohanz,CVE-2018-15913
224.123.9.165,haohanz,CVE-2019-12745
73.153.155.127,haohanz,CVE-2019-12744
67.181.164.8,haohanz,CVE-2019-8459
72.52.218.162,haohanz,CVE-2019-8458
237.251.196.129,haohanz,CVE-2018-16116
217.206.248.108,haohanz,CVE-2018-15892
32.50.97.129,haohanz,CVE-2018-15891
175.154.27.67,haohanz,CVE-2018-15890
181.245.222.171,haohanz,CVE-2019-12905
25.239.164.17,haohanz,CVE-2018-16248
91.73.199.177,haohanz,CVE-2018-16247
178.38.164.179,haohanz,CVE-2018-16119
46.26.22.25,haohanz,CVE-2018-16118
244.62.54.106,haohanz,CVE-2018-16117
168.129.203.127,haohanz,CVE-2019-3735
89.208.177.161,haohanz,CVE-2019-12920
232.59.162.177,haohanz,CVE-2019-12919
203.124.68.233,haohanz,CVE-2018-15879
213.122.232.133,haohanz,CVE-2018-15878
192.254.53.168,haohanz,CVE-2018-15913
30.76.73.226,haohanz,CVE-2019-12745
49.208.136.39,haohanz,CVE-2019-12744
177.172.153.150,haohanz,CVE-2019-8459
211.52.79.2,haohanz,CVE-2019-8458
227.192.130.105,haohanz,CVE-2018-16116
91.213.250.55,haohanz,CVE-2018-15892
6.10.113.87,haohanz,CVE-2018-15891
4.168.84.172,haohanz,CVE-2018-15890
120.103.58.67,haohanz,CVE-2019-12905
96.127.174.150,haohanz,CVE-2018-16248
24.172.148.135,haohanz,CVE-2018-16247
61.216.207.13,haohanz,CVE-2018-16119
124.39.122.143,haohanz,CVE-2018-16118
156.14.121.123,haohanz,CVE-2018-16117
232.74.159.35,haohanz,CVE-2019-3735
34.166.172.142,haohanz,CVE-2019-12920
228.1.160.2,haohanz,CVE-2019-12919
230.95.178.228,haohanz,CVE-2018-15879
152.104.55.148,haohanz,CVE-2018-15878
212.208.80.248,haohanz,CVE-2018-15913
90.19.32.52,haohanz,CVE-2019-12745
222.83.41.174,haohanz,CVE-2019-12744
249.11.55.60,haohanz,CVE-2019-8459
62.39.40.97,haohanz,CVE-2019-8458
101.49.230.87,haohanz,CVE-2018-16116
88.203.98.147,haohanz,CVE-2018-15892
97.193.235.82,haohanz,CVE-2018-15891
108.165.102.35,haohanz,CVE-2018-15890
152.104.55.148,haohanz,CVE-2019-12905
27.165.115.22,haohanz,CVE-2018-16248
142.252.140.38,haohanz,CVE-2018-16247
100.109.34.178,haohanz,CVE-2018-16119
32.37.113.7,haohanz,CVE-2018-16118
168.18.108.239,haohanz,CVE-2018-16117
49.252.7.221,haohanz,CVE-2019-3735
103.154.107.8,haohanz,CVE-2019-12920
178.51.200.113,haohanz,CVE-2019-12919
232.169.85.254,haohanz,CVE-2018-15879
141.164.46.32,haohanz,CVE-2018-15878
202.37.27.249,haohanz,CVE-2018-15913
58.129.125.1,haohanz,CVE-2019-12745
226.172.203.102,haohanz,CVE-2019-12744
255.56.227.202,haohanz,CVE-2019-8459
4.248.168.177,haohanz,CVE-2019-8458
22.140.45.221,haohanz,CVE-2018-16116
132.114.98.145,haohanz,CVE-2018-15892
89.208.177.161,haohanz,CVE-2018-15891
52.115.26.93,haohanz,CVE-2018-15890
150.102.126.152,haohanz,CVE-2019-12905
173.172.89.115,haohanz,CVE-2018-16248
138.14.17.27,haohanz,CVE-2018-16247
206.228.214.179,haohanz,CVE-2018-16119
187.92.72.29,haohanz,CVE-2018-16118
212.132.173.143,haohanz,CVE-2018-16117
231.181.4.52,haohanz,CVE-2019-3735
209.82.194.111,haohanz,CVE-2019-12920
167.35.165.35,haohanz,CVE-2019-12919
167.163.240.62,haohanz,CVE-2018-15879
167.163.240.62,haohanz,CVE-15879
